election_num,state,Ypos,Xpos,MOE_original, MOE_instance,Trump,Clinton,Trump_New, Clinton_New,Trump_EVotes,Clinton_EVotes,Flip_Ind,MOE_Rare_Ind,Surprise_Ind
1,totals,,,,,,,1,0,278,260,,,0
2,totals,,,,,,,0,1,268,270,,,3
3,totals,,,,,,,0,1,241,297,,,0
4,totals,,,,,,,0,1,247,291,,,0
5,totals,,,,,,,0,1,245,293,,,0
6,totals,,,,,,,0,1,252,286,,,1
7,totals,,,,,,,1,0,272,266,,,0
8,totals,,,,,,,0,1,248,290,,,1
9,totals,,,,,,,0,1,261,277,,,2
10,totals,,,,,,,0,1,248,290,,,0
11,totals,,,,,,,0,1,257,281,,,0
12,totals,,,,,,,0,1,249,289,,,1
13,totals,,,,,,,1,0,272,266,,,0
14,totals,,,,,,,0,1,263,275,,,0
15,totals,,,,,,,0,1,266,272,,,1
16,totals,,,,,,,0,1,252,286,,,0
17,totals,,,,,,,1,0,272,266,,,0
18,totals,,,,,,,0,1,256,282,,,0
19,totals,,,,,,,0,1,256,282,,,1
20,totals,,,,,,,0,1,257,281,,,0
21,totals,,,,,,,0,1,263,275,,,0
22,totals,,,,,,,1,0,291,247,,,2
23,totals,,,,,,,0,1,257,281,,,0
24,totals,,,,,,,0,1,246,292,,,0
25,totals,,,,,,,0,1,247,291,,,1
26,totals,,,,,,,1,0,272,266,,,0
27,totals,,,,,,,0,1,267,271,,,0
28,totals,,,,,,,0,1,247,291,,,1
29,totals,,,,,,,0,1,255,283,,,1
30,totals,,,,,,,1,0,272,266,,,0
31,totals,,,,,,,0,1,263,275,,,0
32,totals,,,,,,,1,0,272,266,,,0
33,totals,,,,,,,0,1,247,291,,,0
34,totals,,,,,,,0,1,263,275,,,0
35,totals,,,,,,,0,1,263,275,,,0
36,totals,,,,,,,0,1,261,277,,,0
37,totals,,,,,,,0,1,262,276,,,1
38,totals,,,,,,,0,1,257,281,,,0
39,totals,,,,,,,1,0,278,260,,,0
40,totals,,,,,,,0,1,264,274,,,0
41,totals,,,,,,,0,1,267,271,,,0
42,totals,,,,,,,0,1,257,281,,,0
43,totals,,,,,,,1,0,278,260,,,0
44,totals,,,,,,,0,1,228,310,,,1
45,totals,,,,,,,0,1,251,287,,,0
46,totals,,,,,,,0,1,246,292,,,0
47,totals,,,,,,,0,1,264,274,,,1
48,totals,,,,,,,0,1,263,275,,,0
49,totals,,,,,,,0,1,262,276,,,1
50,totals,,,,,,,0,1,241,297,,,0
51,totals,,,,,,,0,1,262,276,,,1
52,totals,,,,,,,0,1,263,275,,,0
53,totals,,,,,,,0,1,263,275,,,0
54,totals,,,,,,,0,1,247,291,,,0
55,totals,,,,,,,0,1,236,302,,,0
56,totals,,,,,,,0,1,265,273,,,1
57,totals,,,,,,,0,1,257,281,,,0
58,totals,,,,,,,1,0,298,240,,,1
59,totals,,,,,,,0,1,252,286,,,0
60,totals,,,,,,,0,1,257,281,,,0
61,totals,,,,,,,0,1,241,297,,,0
62,totals,,,,,,,0,1,261,277,,,0
63,totals,,,,,,,0,1,248,290,,,1
64,totals,,,,,,,0,1,246,292,,,0
65,totals,,,,,,,1,0,278,260,,,0
66,totals,,,,,,,1,0,278,260,,,0
67,totals,,,,,,,0,1,263,275,,,0
68,totals,,,,,,,0,1,257,281,,,1
69,totals,,,,,,,0,1,262,276,,,0
70,totals,,,,,,,1,0,278,260,,,0
71,totals,,,,,,,0,1,241,297,,,0
72,totals,,,,,,,0,1,263,275,,,0
73,totals,,,,,,,0,1,246,292,,,0
74,totals,,,,,,,0,1,247,291,,,1
75,totals,,,,,,,0,1,267,271,,,1
76,totals,,,,,,,0,1,257,281,,,0
77,totals,,,,,,,1,0,272,266,,,0
78,totals,,,,,,,1,0,272,266,,,0
79,totals,,,,,,,1,0,272,266,,,0
80,totals,,,,,,,0,1,254,284,,,1
81,totals,,,,,,,0,1,246,292,,,0
82,totals,,,,,,,1,0,272,266,,,0
83,totals,,,,,,,0,1,257,281,,,0
84,totals,,,,,,,0,1,263,275,,,0
85,totals,,,,,,,1,0,272,266,,,0
86,totals,,,,,,,1,0,275,263,,,0
87,totals,,,,,,,0,1,256,282,,,0
88,totals,,,,,,,0,1,267,271,,,0
89,totals,,,,,,,0,1,263,275,,,0
90,totals,,,,,,,1,0,272,266,,,0
91,totals,,,,,,,0,1,262,276,,,0
92,totals,,,,,,,0,1,241,297,,,0
93,totals,,,,,,,0,1,252,286,,,0
94,totals,,,,,,,0,1,263,275,,,1
95,totals,,,,,,,0,1,267,271,,,0
96,totals,,,,,,,0,1,257,281,,,0
97,totals,,,,,,,1,0,278,260,,,0
98,totals,,,,,,,0,1,257,281,,,0
99,totals,,,,,,,0,1,247,291,,,0
100,totals,,,,,,,1,0,278,260,,,0
101,totals,,,,,,,0,1,265,273,,,1
102,totals,,,,,,,1,0,278,260,,,0
103,totals,,,,,,,0,1,263,275,,,0
104,totals,,,,,,,0,1,255,283,,,1
105,totals,,,,,,,0,1,262,276,,,2
106,totals,,,,,,,1,0,272,266,,,0
107,totals,,,,,,,0,1,261,277,,,0
108,totals,,,,,,,0,1,263,275,,,0
109,totals,,,,,,,1,0,278,260,,,0
110,totals,,,,,,,0,1,257,281,,,0
111,totals,,,,,,,1,0,278,260,,,0
112,totals,,,,,,,0,1,241,297,,,0
113,totals,,,,,,,0,1,255,283,,,1
114,totals,,,,,,,0,1,246,292,,,0
115,totals,,,,,,,0,1,247,291,,,0
116,totals,,,,,,,0,1,261,277,,,1
117,totals,,,,,,,0,1,264,274,,,1
118,totals,,,,,,,0,1,257,281,,,0
119,totals,,,,,,,0,1,252,286,,,2
120,totals,,,,,,,1,0,278,260,,,0
121,totals,,,,,,,1,0,280,258,,,1
122,totals,,,,,,,0,1,263,275,,,0
123,totals,,,,,,,1,0,287,251,,,1
124,totals,,,,,,,0,1,257,281,,,0
125,totals,,,,,,,1,0,281,257,,,1
126,totals,,,,,,,1,0,278,260,,,0
127,totals,,,,,,,0,1,246,292,,,0
128,totals,,,,,,,0,1,266,272,,,0
129,totals,,,,,,,1,0,272,266,,,0
130,totals,,,,,,,0,1,228,310,,,1
131,totals,,,,,,,1,0,276,262,,,1
132,totals,,,,,,,1,0,278,260,,,0
133,totals,,,,,,,0,1,230,308,,,1
134,totals,,,,,,,1,0,278,260,,,0
135,totals,,,,,,,1,0,277,261,,,1
136,totals,,,,,,,0,1,244,294,,,1
137,totals,,,,,,,0,1,266,272,,,1
138,totals,,,,,,,0,1,245,293,,,1
139,totals,,,,,,,0,1,252,286,,,0
140,totals,,,,,,,0,1,266,272,,,0
141,totals,,,,,,,1,0,295,243,,,2
142,totals,,,,,,,0,1,257,281,,,0
143,totals,,,,,,,0,1,263,275,,,0
144,totals,,,,,,,0,1,252,286,,,0
145,totals,,,,,,,0,1,257,281,,,0
146,totals,,,,,,,0,1,246,292,,,0
147,totals,,,,,,,0,1,262,276,,,0
148,totals,,,,,,,0,1,262,276,,,1
149,totals,,,,,,,0,1,246,292,,,0
150,totals,,,,,,,0,1,257,281,,,1
151,totals,,,,,,,0,1,263,275,,,0
152,totals,,,,,,,0,1,252,286,,,0
153,totals,,,,,,,0,1,251,287,,,0
154,totals,,,,,,,0,1,246,292,,,0
155,totals,,,,,,,0,1,257,281,,,0
156,totals,,,,,,,0,1,238,300,,,2
157,totals,,,,,,,0,1,261,277,,,0
158,totals,,,,,,,1,0,281,257,,,0
159,totals,,,,,,,1,0,273,265,,,1
160,totals,,,,,,,0,1,263,275,,,0
161,totals,,,,,,,0,1,267,271,,,2
162,totals,,,,,,,0,1,263,275,,,0
163,totals,,,,,,,0,1,241,297,,,0
164,totals,,,,,,,1,0,275,263,,,1
165,totals,,,,,,,1,0,275,263,,,2
166,totals,,,,,,,0,1,252,286,,,0
167,totals,,,,,,,1,0,270,268,,,1
168,totals,,,,,,,1,0,276,262,,,1
169,totals,,,,,,,0,1,247,291,,,0
170,totals,,,,,,,0,1,257,281,,,0
171,totals,,,,,,,0,1,262,276,,,1
172,totals,,,,,,,1,0,278,260,,,0
173,totals,,,,,,,0,1,246,292,,,1
174,totals,,,,,,,1,0,278,260,,,0
175,totals,,,,,,,1,0,272,266,,,0
176,totals,,,,,,,0,1,261,277,,,0
177,totals,,,,,,,1,0,272,266,,,1
178,totals,,,,,,,0,1,257,281,,,1
179,totals,,,,,,,0,1,257,281,,,0
180,totals,,,,,,,0,1,234,304,,,1
181,totals,,,,,,,0,1,263,275,,,0
182,totals,,,,,,,1,0,272,266,,,0
183,totals,,,,,,,0,1,262,276,,,1
184,totals,,,,,,,1,0,272,266,,,0
185,totals,,,,,,,1,0,272,266,,,0
186,totals,,,,,,,1,0,278,260,,,0
187,totals,,,,,,,0,1,267,271,,,0
188,totals,,,,,,,0,1,251,287,,,0
189,totals,,,,,,,0,1,247,291,,,0
190,totals,,,,,,,0,1,257,281,,,1
191,totals,,,,,,,1,0,278,260,,,0
192,totals,,,,,,,0,1,240,298,,,1
193,totals,,,,,,,0,1,257,281,,,0
194,totals,,,,,,,0,1,257,281,,,0
195,totals,,,,,,,1,0,278,260,,,0
196,totals,,,,,,,1,0,285,253,,,1
197,totals,,,,,,,0,1,263,275,,,0
198,totals,,,,,,,0,1,253,285,,,1
199,totals,,,,,,,0,1,257,281,,,0
200,totals,,,,,,,0,1,267,271,,,1
201,totals,,,,,,,0,1,261,277,,,1
202,totals,,,,,,,1,0,272,266,,,0
203,totals,,,,,,,0,1,263,275,,,0
204,totals,,,,,,,0,1,267,271,,,0
205,totals,,,,,,,0,1,230,308,,,0
206,totals,,,,,,,1,0,278,260,,,0
207,totals,,,,,,,1,0,272,266,,,1
208,totals,,,,,,,0,1,244,294,,,1
209,totals,,,,,,,1,0,275,263,,,0
210,totals,,,,,,,0,1,241,297,,,0
211,totals,,,,,,,0,1,263,275,,,0
212,totals,,,,,,,0,1,246,292,,,0
213,totals,,,,,,,0,1,266,272,,,2
214,totals,,,,,,,0,1,264,274,,,1
215,totals,,,,,,,1,0,278,260,,,0
216,totals,,,,,,,1,0,278,260,,,0
217,totals,,,,,,,0,1,249,289,,,0
218,totals,,,,,,,0,1,256,282,,,1
219,totals,,,,,,,0,1,247,291,,,0
220,totals,,,,,,,1,0,281,257,,,0
221,totals,,,,,,,0,1,260,278,,,0
222,totals,,,,,,,0,1,262,276,,,0
223,totals,,,,,,,1,0,278,260,,,0
224,totals,,,,,,,0,1,266,272,,,0
225,totals,,,,,,,1,0,275,263,,,0
226,totals,,,,,,,1,0,272,266,,,1
227,totals,,,,,,,0,1,265,273,,,1
228,totals,,,,,,,0,1,257,281,,,0
229,totals,,,,,,,0,1,256,282,,,0
230,totals,,,,,,,1,0,281,257,,,0
231,totals,,,,,,,1,0,282,256,,,1
232,totals,,,,,,,0,1,247,291,,,0
233,totals,,,,,,,0,1,261,277,,,0
234,totals,,,,,,,1,0,278,260,,,0
235,totals,,,,,,,0,1,267,271,,,0
236,totals,,,,,,,0,1,261,277,,,0
237,totals,,,,,,,0,1,262,276,,,0
238,totals,,,,,,,0,1,267,271,,,0
239,totals,,,,,,,0,1,257,281,,,2
240,totals,,,,,,,0,1,256,282,,,0
241,totals,,,,,,,1,0,272,266,,,0
242,totals,,,,,,,1,0,270,268,,,0
243,totals,,,,,,,0,1,256,282,,,0
244,totals,,,,,,,0,1,236,302,,,0
245,totals,,,,,,,0,1,263,275,,,0
246,totals,,,,,,,1,0,272,266,,,1
247,totals,,,,,,,0,1,263,275,,,0
248,totals,,,,,,,0,1,233,305,,,0
249,totals,,,,,,,0,1,257,281,,,0
250,totals,,,,,,,1,0,287,251,,,1
251,totals,,,,,,,0,1,241,297,,,0
252,totals,,,,,,,0,1,257,281,,,0
253,totals,,,,,,,1,0,271,267,,,1
254,totals,,,,,,,0,1,251,287,,,1
255,totals,,,,,,,0,1,267,271,,,0
256,totals,,,,,,,1,0,277,261,,,1
257,totals,,,,,,,0,1,230,308,,,1
258,totals,,,,,,,0,1,252,286,,,0
259,totals,,,,,,,0,1,261,277,,,0
260,totals,,,,,,,0,1,263,275,,,0
261,totals,,,,,,,1,0,272,266,,,0
262,totals,,,,,,,0,1,260,278,,,0
263,totals,,,,,,,0,1,263,275,,,0
264,totals,,,,,,,1,0,273,265,,,1
265,totals,,,,,,,1,0,272,266,,,0
266,totals,,,,,,,0,1,244,294,,,2
267,totals,,,,,,,1,0,272,266,,,0
268,totals,,,,,,,1,0,272,266,,,0
269,totals,,,,,,,0,1,263,275,,,0
270,totals,,,,,,,0,1,263,275,,,0
271,totals,,,,,,,0,1,246,292,,,0
272,totals,,,,,,,0,1,263,275,,,0
273,totals,,,,,,,0,1,230,308,,,0
274,totals,,,,,,,0,1,267,271,,,0
275,totals,,,,,,,1,0,275,263,,,0
276,totals,,,,,,,0,1,252,286,,,1
277,totals,,,,,,,0,1,241,297,,,1
278,totals,,,,,,,0,1,261,277,,,0
279,totals,,,,,,,0,1,257,281,,,0
280,totals,,,,,,,0,1,257,281,,,0
281,totals,,,,,,,0,1,256,282,,,0
282,totals,,,,,,,1,0,278,260,,,0
283,totals,,,,,,,0,1,267,271,,,0
284,totals,,,,,,,0,1,251,287,,,0
285,totals,,,,,,,0,1,269,269,,,2
286,totals,,,,,,,1,0,272,266,,,1
287,totals,,,,,,,0,1,264,274,,,1
288,totals,,,,,,,0,1,257,281,,,0
289,totals,,,,,,,0,1,263,275,,,0
290,totals,,,,,,,0,1,257,281,,,0
291,totals,,,,,,,1,0,292,246,,,1
292,totals,,,,,,,1,0,278,260,,,1
293,totals,,,,,,,1,0,282,256,,,2
294,totals,,,,,,,1,0,287,251,,,1
295,totals,,,,,,,0,1,252,286,,,1
296,totals,,,,,,,0,1,241,297,,,0
297,totals,,,,,,,0,1,257,281,,,0
298,totals,,,,,,,0,1,261,277,,,2
299,totals,,,,,,,1,0,281,257,,,0
300,totals,,,,,,,1,0,272,266,,,0
301,totals,,,,,,,0,1,251,287,,,1
302,totals,,,,,,,0,1,246,292,,,0
303,totals,,,,,,,0,1,261,277,,,0
304,totals,,,,,,,0,1,260,278,,,0
305,totals,,,,,,,0,1,245,293,,,3
306,totals,,,,,,,0,1,257,281,,,1
307,totals,,,,,,,0,1,263,275,,,0
308,totals,,,,,,,0,1,268,270,,,1
309,totals,,,,,,,0,1,252,286,,,0
310,totals,,,,,,,1,0,282,256,,,1
311,totals,,,,,,,0,1,257,281,,,0
312,totals,,,,,,,0,1,249,289,,,0
313,totals,,,,,,,1,0,282,256,,,1
314,totals,,,,,,,0,1,251,287,,,0
315,totals,,,,,,,0,1,246,292,,,0
316,totals,,,,,,,0,1,252,286,,,0
317,totals,,,,,,,0,1,244,294,,,0
318,totals,,,,,,,0,1,252,286,,,0
319,totals,,,,,,,0,1,218,320,,,2
320,totals,,,,,,,0,1,246,292,,,0
321,totals,,,,,,,0,1,252,286,,,0
322,totals,,,,,,,0,1,236,302,,,0
323,totals,,,,,,,0,1,231,307,,,1
324,totals,,,,,,,0,1,256,282,,,0
325,totals,,,,,,,1,0,272,266,,,0
326,totals,,,,,,,1,0,272,266,,,0
327,totals,,,,,,,0,1,246,292,,,1
328,totals,,,,,,,0,1,261,277,,,0
329,totals,,,,,,,0,1,241,297,,,0
330,totals,,,,,,,0,1,245,293,,,0
331,totals,,,,,,,0,1,263,275,,,0
332,totals,,,,,,,0,1,241,297,,,0
333,totals,,,,,,,0,1,257,281,,,0
334,totals,,,,,,,0,1,263,275,,,0
335,totals,,,,,,,0,1,263,275,,,0
336,totals,,,,,,,0,1,252,286,,,0
337,totals,,,,,,,1,0,272,266,,,0
338,totals,,,,,,,0,1,263,275,,,0
339,totals,,,,,,,0,1,262,276,,,0
340,totals,,,,,,,0,1,262,276,,,2
341,totals,,,,,,,0,1,257,281,,,0
342,totals,,,,,,,0,1,241,297,,,0
343,totals,,,,,,,1,0,272,266,,,0
344,totals,,,,,,,1,0,278,260,,,0
345,totals,,,,,,,0,1,257,281,,,0
346,totals,,,,,,,1,0,281,257,,,0
347,totals,,,,,,,1,0,278,260,,,0
348,totals,,,,,,,0,1,263,275,,,0
349,totals,,,,,,,0,1,267,271,,,0
350,totals,,,,,,,0,1,257,281,,,0
351,totals,,,,,,,0,1,260,278,,,1
352,totals,,,,,,,0,1,269,269,,,1
353,totals,,,,,,,1,0,278,260,,,0
354,totals,,,,,,,0,1,252,286,,,0
355,totals,,,,,,,0,1,257,281,,,0
356,totals,,,,,,,0,1,263,275,,,0
357,totals,,,,,,,1,0,272,266,,,0
358,totals,,,,,,,1,0,278,260,,,0
359,totals,,,,,,,0,1,246,292,,,0
360,totals,,,,,,,0,1,261,277,,,0
361,totals,,,,,,,1,0,285,253,,,1
362,totals,,,,,,,0,1,267,271,,,1
363,totals,,,,,,,0,1,257,281,,,0
364,totals,,,,,,,0,1,247,291,,,1
365,totals,,,,,,,0,1,247,291,,,1
366,totals,,,,,,,0,1,246,292,,,0
367,totals,,,,,,,0,1,263,275,,,0
368,totals,,,,,,,0,1,247,291,,,1
369,totals,,,,,,,1,0,272,266,,,0
370,totals,,,,,,,0,1,257,281,,,0
371,totals,,,,,,,0,1,257,281,,,0
372,totals,,,,,,,0,1,263,275,,,0
373,totals,,,,,,,1,0,278,260,,,0
374,totals,,,,,,,0,1,241,297,,,1
375,totals,,,,,,,0,1,243,295,,,1
376,totals,,,,,,,0,1,261,277,,,1
377,totals,,,,,,,0,1,257,281,,,0
378,totals,,,,,,,0,1,257,281,,,1
379,totals,,,,,,,0,1,260,278,,,0
380,totals,,,,,,,1,0,278,260,,,0
381,totals,,,,,,,1,0,272,266,,,0
382,totals,,,,,,,0,1,256,282,,,0
383,totals,,,,,,,0,1,263,275,,,0
384,totals,,,,,,,1,0,275,263,,,0
385,totals,,,,,,,0,1,266,272,,,0
386,totals,,,,,,,0,1,241,297,,,0
387,totals,,,,,,,0,1,263,275,,,0
388,totals,,,,,,,0,1,246,292,,,0
389,totals,,,,,,,0,1,267,271,,,1
390,totals,,,,,,,0,1,246,292,,,0
391,totals,,,,,,,0,1,257,281,,,0
392,totals,,,,,,,0,1,268,270,,,1
393,totals,,,,,,,0,1,257,281,,,0
394,totals,,,,,,,1,0,272,266,,,0
395,totals,,,,,,,0,1,260,278,,,1
396,totals,,,,,,,1,0,278,260,,,1
397,totals,,,,,,,0,1,263,275,,,0
398,totals,,,,,,,1,0,278,260,,,0
399,totals,,,,,,,0,1,255,283,,,0
400,totals,,,,,,,1,0,278,260,,,0
401,totals,,,,,,,1,0,275,263,,,1
402,totals,,,,,,,1,0,272,266,,,0
403,totals,,,,,,,0,1,257,281,,,0
404,totals,,,,,,,0,1,217,321,,,1
405,totals,,,,,,,0,1,246,292,,,1
406,totals,,,,,,,0,1,246,292,,,0
407,totals,,,,,,,0,1,251,287,,,2
408,totals,,,,,,,0,1,247,291,,,1
409,totals,,,,,,,0,1,246,292,,,0
410,totals,,,,,,,0,1,256,282,,,0
411,totals,,,,,,,0,1,257,281,,,0
412,totals,,,,,,,0,1,261,277,,,0
413,totals,,,,,,,0,1,267,271,,,0
414,totals,,,,,,,0,1,257,281,,,0
415,totals,,,,,,,1,0,285,253,,,1
416,totals,,,,,,,0,1,257,281,,,0
417,totals,,,,,,,1,0,278,260,,,0
418,totals,,,,,,,0,1,257,281,,,0
419,totals,,,,,,,1,0,278,260,,,0
420,totals,,,,,,,0,1,261,277,,,0
421,totals,,,,,,,0,1,257,281,,,0
422,totals,,,,,,,1,0,270,268,,,0
423,totals,,,,,,,0,1,267,271,,,0
424,totals,,,,,,,1,0,272,266,,,0
425,totals,,,,,,,1,0,283,255,,,1
426,totals,,,,,,,0,1,263,275,,,0
427,totals,,,,,,,0,1,263,275,,,0
428,totals,,,,,,,1,0,271,267,,,2
429,totals,,,,,,,0,1,236,302,,,0
430,totals,,,,,,,0,1,230,308,,,0
431,totals,,,,,,,1,0,272,266,,,0
432,totals,,,,,,,1,0,272,266,,,0
433,totals,,,,,,,1,0,281,257,,,1
434,totals,,,,,,,0,1,252,286,,,0
435,totals,,,,,,,0,1,227,311,,,2
436,totals,,,,,,,1,0,275,263,,,0
437,totals,,,,,,,0,1,239,299,,,0
438,totals,,,,,,,1,0,272,266,,,0
439,totals,,,,,,,1,0,272,266,,,0
440,totals,,,,,,,0,1,263,275,,,0
441,totals,,,,,,,1,0,278,260,,,0
442,totals,,,,,,,0,1,247,291,,,1
443,totals,,,,,,,0,1,246,292,,,0
444,totals,,,,,,,0,1,263,275,,,0
445,totals,,,,,,,1,0,275,263,,,0
446,totals,,,,,,,0,1,256,282,,,0
447,totals,,,,,,,0,1,266,272,,,1
448,totals,,,,,,,0,1,246,292,,,0
449,totals,,,,,,,0,1,257,281,,,0
450,totals,,,,,,,0,1,265,273,,,1
451,totals,,,,,,,0,1,246,292,,,1
452,totals,,,,,,,0,1,267,271,,,0
453,totals,,,,,,,0,1,251,287,,,0
454,totals,,,,,,,0,1,257,281,,,0
455,totals,,,,,,,0,1,261,277,,,0
456,totals,,,,,,,0,1,267,271,,,0
457,totals,,,,,,,0,1,262,276,,,1
458,totals,,,,,,,0,1,256,282,,,0
459,totals,,,,,,,0,1,262,276,,,0
460,totals,,,,,,,0,1,252,286,,,0
461,totals,,,,,,,1,0,278,260,,,0
462,totals,,,,,,,0,1,267,271,,,0
463,totals,,,,,,,0,1,257,281,,,0
464,totals,,,,,,,0,1,263,275,,,0
465,totals,,,,,,,0,1,263,275,,,0
466,totals,,,,,,,0,1,257,281,,,0
467,totals,,,,,,,0,1,266,272,,,0
468,totals,,,,,,,1,0,272,266,,,0
469,totals,,,,,,,1,0,273,265,,,1
470,totals,,,,,,,1,0,285,253,,,1
471,totals,,,,,,,0,1,246,292,,,0
472,totals,,,,,,,0,1,252,286,,,0
473,totals,,,,,,,1,0,281,257,,,0
474,totals,,,,,,,1,0,281,257,,,1
475,totals,,,,,,,1,0,275,263,,,0
476,totals,,,,,,,0,1,230,308,,,1
477,totals,,,,,,,0,1,263,275,,,0
478,totals,,,,,,,1,0,275,263,,,0
479,totals,,,,,,,0,1,246,292,,,0
480,totals,,,,,,,0,1,241,297,,,1
481,totals,,,,,,,1,0,278,260,,,0
482,totals,,,,,,,0,1,256,282,,,0
483,totals,,,,,,,1,0,278,260,,,0
484,totals,,,,,,,0,1,268,270,,,1
485,totals,,,,,,,0,1,260,278,,,1
486,totals,,,,,,,1,0,272,266,,,0
487,totals,,,,,,,1,0,278,260,,,0
488,totals,,,,,,,0,1,267,271,,,0
489,totals,,,,,,,0,1,246,292,,,0
490,totals,,,,,,,0,1,246,292,,,2
491,totals,,,,,,,0,1,267,271,,,1
492,totals,,,,,,,0,1,261,277,,,0
493,totals,,,,,,,0,1,236,302,,,0
494,totals,,,,,,,0,1,257,281,,,0
495,totals,,,,,,,0,1,267,271,,,1
496,totals,,,,,,,0,1,257,281,,,0
497,totals,,,,,,,0,1,266,272,,,2
498,totals,,,,,,,1,0,272,266,,,0
499,totals,,,,,,,0,1,230,308,,,0
500,totals,,,,,,,1,0,295,243,,,1
501,totals,,,,,,,1,0,282,256,,,1
502,totals,,,,,,,0,1,260,278,,,0
503,totals,,,,,,,0,1,263,275,,,0
504,totals,,,,,,,1,0,278,260,,,0
505,totals,,,,,,,0,1,257,281,,,0
506,totals,,,,,,,0,1,252,286,,,0
507,totals,,,,,,,0,1,246,292,,,0
508,totals,,,,,,,0,1,257,281,,,0
509,totals,,,,,,,0,1,261,277,,,0
510,totals,,,,,,,1,0,280,258,,,1
511,totals,,,,,,,1,0,272,266,,,0
512,totals,,,,,,,0,1,241,297,,,0
513,totals,,,,,,,0,1,267,271,,,1
514,totals,,,,,,,0,1,253,285,,,1
515,totals,,,,,,,0,1,263,275,,,0
516,totals,,,,,,,1,0,272,266,,,0
517,totals,,,,,,,0,1,263,275,,,0
518,totals,,,,,,,1,0,272,266,,,0
519,totals,,,,,,,1,0,278,260,,,0
520,totals,,,,,,,0,1,267,271,,,0
521,totals,,,,,,,0,1,262,276,,,0
522,totals,,,,,,,0,1,257,281,,,0
523,totals,,,,,,,1,0,278,260,,,0
524,totals,,,,,,,0,1,260,278,,,0
525,totals,,,,,,,1,0,272,266,,,0
526,totals,,,,,,,1,0,276,262,,,1
527,totals,,,,,,,0,1,223,315,,,1
528,totals,,,,,,,1,0,272,266,,,0
529,totals,,,,,,,1,0,278,260,,,0
530,totals,,,,,,,0,1,246,292,,,0
531,totals,,,,,,,0,1,262,276,,,0
532,totals,,,,,,,1,0,275,263,,,0
533,totals,,,,,,,0,1,263,275,,,0
534,totals,,,,,,,0,1,264,274,,,2
535,totals,,,,,,,0,1,257,281,,,0
536,totals,,,,,,,0,1,268,270,,,1
537,totals,,,,,,,0,1,261,277,,,0
538,totals,,,,,,,0,1,241,297,,,0
539,totals,,,,,,,0,1,263,275,,,0
540,totals,,,,,,,0,1,257,281,,,0
541,totals,,,,,,,1,0,276,262,,,1
542,totals,,,,,,,0,1,267,271,,,0
543,totals,,,,,,,0,1,257,281,,,0
544,totals,,,,,,,0,1,241,297,,,0
545,totals,,,,,,,0,1,266,272,,,2
546,totals,,,,,,,1,0,272,266,,,0
547,totals,,,,,,,0,1,246,292,,,0
548,totals,,,,,,,0,1,252,286,,,0
549,totals,,,,,,,0,1,257,281,,,0
550,totals,,,,,,,0,1,263,275,,,0
551,totals,,,,,,,0,1,263,275,,,0
552,totals,,,,,,,0,1,246,292,,,0
553,totals,,,,,,,0,1,263,275,,,0
554,totals,,,,,,,0,1,261,277,,,0
555,totals,,,,,,,0,1,263,275,,,1
556,totals,,,,,,,1,0,278,260,,,0
557,totals,,,,,,,0,1,263,275,,,0
558,totals,,,,,,,0,1,252,286,,,0
559,totals,,,,,,,0,1,245,293,,,1
560,totals,,,,,,,0,1,241,297,,,0
561,totals,,,,,,,1,0,278,260,,,0
562,totals,,,,,,,0,1,247,291,,,1
563,totals,,,,,,,0,1,252,286,,,0
564,totals,,,,,,,1,0,272,266,,,0
565,totals,,,,,,,0,1,256,282,,,0
566,totals,,,,,,,0,1,249,289,,,1
567,totals,,,,,,,1,0,272,266,,,1
568,totals,,,,,,,1,0,278,260,,,1
569,totals,,,,,,,1,0,279,259,,,2
570,totals,,,,,,,1,0,272,266,,,0
571,totals,,,,,,,0,1,252,286,,,0
572,totals,,,,,,,0,1,266,272,,,1
573,totals,,,,,,,1,0,278,260,,,0
574,totals,,,,,,,1,0,272,266,,,0
575,totals,,,,,,,1,0,272,266,,,0
576,totals,,,,,,,0,1,246,292,,,0
577,totals,,,,,,,0,1,246,292,,,2
578,totals,,,,,,,0,1,257,281,,,0
579,totals,,,,,,,0,1,235,303,,,1
580,totals,,,,,,,0,1,266,272,,,0
581,totals,,,,,,,0,1,243,295,,,1
582,totals,,,,,,,0,1,257,281,,,0
583,totals,,,,,,,1,0,278,260,,,0
584,totals,,,,,,,0,1,262,276,,,1
585,totals,,,,,,,0,1,252,286,,,0
586,totals,,,,,,,1,0,285,253,,,2
587,totals,,,,,,,0,1,251,287,,,0
588,totals,,,,,,,1,0,272,266,,,0
589,totals,,,,,,,0,1,249,289,,,1
590,totals,,,,,,,1,0,278,260,,,0
591,totals,,,,,,,1,0,271,267,,,1
592,totals,,,,,,,0,1,257,281,,,1
593,totals,,,,,,,0,1,263,275,,,0
594,totals,,,,,,,0,1,263,275,,,0
595,totals,,,,,,,0,1,246,292,,,0
596,totals,,,,,,,0,1,247,291,,,1
597,totals,,,,,,,0,1,267,271,,,0
598,totals,,,,,,,0,1,261,277,,,0
599,totals,,,,,,,0,1,257,281,,,1
600,totals,,,,,,,0,1,257,281,,,2
601,totals,,,,,,,0,1,246,292,,,0
602,totals,,,,,,,1,0,272,266,,,1
603,totals,,,,,,,0,1,263,275,,,0
604,totals,,,,,,,0,1,263,275,,,0
605,totals,,,,,,,1,0,272,266,,,1
606,totals,,,,,,,0,1,263,275,,,0
607,totals,,,,,,,1,0,270,268,,,1
608,totals,,,,,,,0,1,263,275,,,1
609,totals,,,,,,,0,1,252,286,,,0
610,totals,,,,,,,1,0,277,261,,,1
611,totals,,,,,,,0,1,263,275,,,0
612,totals,,,,,,,0,1,261,277,,,0
613,totals,,,,,,,0,1,267,271,,,0
614,totals,,,,,,,1,0,270,268,,,1
615,totals,,,,,,,0,1,262,276,,,0
616,totals,,,,,,,1,0,298,240,,,1
617,totals,,,,,,,1,0,275,263,,,1
618,totals,,,,,,,0,1,252,286,,,0
619,totals,,,,,,,0,1,263,275,,,0
620,totals,,,,,,,0,1,251,287,,,0
621,totals,,,,,,,1,0,278,260,,,0
622,totals,,,,,,,0,1,267,271,,,0
623,totals,,,,,,,1,0,281,257,,,1
624,totals,,,,,,,0,1,246,292,,,0
625,totals,,,,,,,0,1,263,275,,,0
626,totals,,,,,,,0,1,261,277,,,1
627,totals,,,,,,,0,1,257,281,,,1
628,totals,,,,,,,0,1,253,285,,,1
629,totals,,,,,,,0,1,230,308,,,0
630,totals,,,,,,,0,1,262,276,,,0
631,totals,,,,,,,0,1,267,271,,,0
632,totals,,,,,,,0,1,263,275,,,0
633,totals,,,,,,,0,1,267,271,,,0
634,totals,,,,,,,1,0,287,251,,,1
635,totals,,,,,,,0,1,252,286,,,0
636,totals,,,,,,,0,1,263,275,,,0
637,totals,,,,,,,1,0,272,266,,,0
638,totals,,,,,,,0,1,267,271,,,0
639,totals,,,,,,,0,1,257,281,,,0
640,totals,,,,,,,0,1,263,275,,,0
641,totals,,,,,,,1,0,272,266,,,0
642,totals,,,,,,,1,0,272,266,,,0
643,totals,,,,,,,0,1,265,273,,,2
644,totals,,,,,,,1,0,272,266,,,0
645,totals,,,,,,,1,0,272,266,,,0
646,totals,,,,,,,0,1,252,286,,,0
647,totals,,,,,,,0,1,252,286,,,1
648,totals,,,,,,,1,0,285,253,,,4
649,totals,,,,,,,0,1,263,275,,,0
650,totals,,,,,,,0,1,255,283,,,1
651,totals,,,,,,,0,1,263,275,,,0
652,totals,,,,,,,0,1,267,271,,,1
653,totals,,,,,,,0,1,257,281,,,0
654,totals,,,,,,,1,0,272,266,,,0
655,totals,,,,,,,1,0,272,266,,,0
656,totals,,,,,,,1,0,272,266,,,0
657,totals,,,,,,,0,1,256,282,,,1
658,totals,,,,,,,0,1,261,277,,,0
659,totals,,,,,,,0,1,241,297,,,0
660,totals,,,,,,,0,1,266,272,,,0
661,totals,,,,,,,0,1,246,292,,,0
662,totals,,,,,,,0,1,263,275,,,0
663,totals,,,,,,,0,1,257,281,,,0
664,totals,,,,,,,0,1,257,281,,,0
665,totals,,,,,,,1,0,278,260,,,0
666,totals,,,,,,,0,1,267,271,,,1
667,totals,,,,,,,0,1,267,271,,,1
668,totals,,,,,,,1,0,281,257,,,0
669,totals,,,,,,,1,0,270,268,,,2
670,totals,,,,,,,1,0,278,260,,,0
671,totals,,,,,,,0,1,249,289,,,0
672,totals,,,,,,,0,1,257,281,,,0
673,totals,,,,,,,0,1,246,292,,,0
674,totals,,,,,,,0,1,257,281,,,0
675,totals,,,,,,,1,0,272,266,,,0
676,totals,,,,,,,1,0,275,263,,,1
677,totals,,,,,,,0,1,257,281,,,0
678,totals,,,,,,,0,1,260,278,,,1
679,totals,,,,,,,1,0,287,251,,,1
680,totals,,,,,,,0,1,254,284,,,1
681,totals,,,,,,,0,1,257,281,,,0
682,totals,,,,,,,0,1,256,282,,,1
683,totals,,,,,,,0,1,246,292,,,0
684,totals,,,,,,,0,1,260,278,,,0
685,totals,,,,,,,1,0,272,266,,,0
686,totals,,,,,,,0,1,247,291,,,1
687,totals,,,,,,,0,1,257,281,,,0
688,totals,,,,,,,0,1,247,291,,,1
689,totals,,,,,,,0,1,257,281,,,0
690,totals,,,,,,,0,1,263,275,,,0
691,totals,,,,,,,0,1,262,276,,,0
692,totals,,,,,,,0,1,259,279,,,1
693,totals,,,,,,,0,1,264,274,,,1
694,totals,,,,,,,1,0,272,266,,,0
695,totals,,,,,,,1,0,278,260,,,0
696,totals,,,,,,,0,1,247,291,,,0
697,totals,,,,,,,0,1,257,281,,,0
698,totals,,,,,,,0,1,246,292,,,0
699,totals,,,,,,,0,1,257,281,,,0
700,totals,,,,,,,0,1,241,297,,,0
701,totals,,,,,,,0,1,234,304,,,1
702,totals,,,,,,,0,1,260,278,,,0
703,totals,,,,,,,1,0,272,266,,,0
704,totals,,,,,,,0,1,257,281,,,0
705,totals,,,,,,,0,1,263,275,,,0
706,totals,,,,,,,1,0,272,266,,,0
707,totals,,,,,,,0,1,251,287,,,1
708,totals,,,,,,,1,0,277,261,,,1
709,totals,,,,,,,0,1,257,281,,,1
710,totals,,,,,,,0,1,263,275,,,0
711,totals,,,,,,,1,0,278,260,,,0
712,totals,,,,,,,0,1,257,281,,,1
713,totals,,,,,,,1,0,272,266,,,0
714,totals,,,,,,,0,1,257,281,,,0
715,totals,,,,,,,1,0,272,266,,,1
716,totals,,,,,,,0,1,267,271,,,0
717,totals,,,,,,,1,0,278,260,,,0
718,totals,,,,,,,1,0,272,266,,,1
719,totals,,,,,,,0,1,257,281,,,1
720,totals,,,,,,,0,1,259,279,,,1
721,totals,,,,,,,0,1,246,292,,,0
722,totals,,,,,,,1,0,272,266,,,0
723,totals,,,,,,,0,1,247,291,,,0
724,totals,,,,,,,0,1,257,281,,,1
725,totals,,,,,,,0,1,267,271,,,1
726,totals,,,,,,,0,1,259,279,,,1
727,totals,,,,,,,0,1,263,275,,,0
728,totals,,,,,,,0,1,230,308,,,0
729,totals,,,,,,,0,1,263,275,,,0
730,totals,,,,,,,1,0,278,260,,,1
731,totals,,,,,,,0,1,247,291,,,0
732,totals,,,,,,,0,1,246,292,,,1
733,totals,,,,,,,0,1,260,278,,,0
734,totals,,,,,,,1,0,276,262,,,1
735,totals,,,,,,,0,1,263,275,,,0
736,totals,,,,,,,1,0,276,262,,,2
737,totals,,,,,,,0,1,263,275,,,0
738,totals,,,,,,,0,1,264,274,,,0
739,totals,,,,,,,0,1,257,281,,,0
740,totals,,,,,,,1,0,272,266,,,1
741,totals,,,,,,,0,1,246,292,,,1
742,totals,,,,,,,0,1,257,281,,,0
743,totals,,,,,,,0,1,236,302,,,1
744,totals,,,,,,,1,0,272,266,,,0
745,totals,,,,,,,0,1,267,271,,,0
746,totals,,,,,,,0,1,246,292,,,0
747,totals,,,,,,,1,0,278,260,,,0
748,totals,,,,,,,0,1,257,281,,,0
749,totals,,,,,,,1,0,272,266,,,1
750,totals,,,,,,,0,1,247,291,,,0
751,totals,,,,,,,0,1,236,302,,,1
752,totals,,,,,,,0,1,261,277,,,0
753,totals,,,,,,,0,1,251,287,,,0
754,totals,,,,,,,0,1,262,276,,,0
755,totals,,,,,,,0,1,251,287,,,1
756,totals,,,,,,,1,0,270,268,,,1
757,totals,,,,,,,0,1,263,275,,,0
758,totals,,,,,,,1,0,278,260,,,0
759,totals,,,,,,,0,1,267,271,,,1
760,totals,,,,,,,0,1,253,285,,,1
761,totals,,,,,,,0,1,263,275,,,0
762,totals,,,,,,,0,1,260,278,,,0
763,totals,,,,,,,0,1,246,292,,,0
764,totals,,,,,,,0,1,261,277,,,0
765,totals,,,,,,,0,1,263,275,,,0
766,totals,,,,,,,0,1,256,282,,,0
767,totals,,,,,,,0,1,257,281,,,0
768,totals,,,,,,,0,1,263,275,,,0
769,totals,,,,,,,0,1,256,282,,,1
770,totals,,,,,,,0,1,241,297,,,1
771,totals,,,,,,,1,0,278,260,,,0
772,totals,,,,,,,0,1,252,286,,,0
773,totals,,,,,,,1,0,272,266,,,0
774,totals,,,,,,,0,1,257,281,,,0
775,totals,,,,,,,0,1,246,292,,,0
776,totals,,,,,,,0,1,247,291,,,0
777,totals,,,,,,,0,1,261,277,,,0
778,totals,,,,,,,1,0,278,260,,,0
779,totals,,,,,,,1,0,272,266,,,0
780,totals,,,,,,,0,1,246,292,,,0
781,totals,,,,,,,0,1,263,275,,,0
782,totals,,,,,,,0,1,267,271,,,0
783,totals,,,,,,,0,1,257,281,,,0
784,totals,,,,,,,0,1,262,276,,,0
785,totals,,,,,,,0,1,263,275,,,0
786,totals,,,,,,,0,1,261,277,,,0
787,totals,,,,,,,1,0,272,266,,,0
788,totals,,,,,,,0,1,267,271,,,0
789,totals,,,,,,,1,0,272,266,,,0
790,totals,,,,,,,0,1,263,275,,,0
791,totals,,,,,,,1,0,272,266,,,0
792,totals,,,,,,,1,0,285,253,,,1
793,totals,,,,,,,0,1,267,271,,,0
794,totals,,,,,,,0,1,267,271,,,1
795,totals,,,,,,,0,1,241,297,,,1
796,totals,,,,,,,0,1,245,293,,,1
797,totals,,,,,,,0,1,261,277,,,0
798,totals,,,,,,,0,1,261,277,,,1
799,totals,,,,,,,0,1,247,291,,,2
800,totals,,,,,,,0,1,246,292,,,0
801,totals,,,,,,,1,0,278,260,,,0
802,totals,,,,,,,0,1,263,275,,,0
803,totals,,,,,,,1,0,272,266,,,0
804,totals,,,,,,,0,1,245,293,,,1
805,totals,,,,,,,0,1,230,308,,,1
806,totals,,,,,,,0,1,266,272,,,1
807,totals,,,,,,,0,1,267,271,,,1
808,totals,,,,,,,0,1,263,275,,,0
809,totals,,,,,,,1,0,278,260,,,0
810,totals,,,,,,,0,1,261,277,,,0
811,totals,,,,,,,0,1,267,271,,,1
812,totals,,,,,,,1,0,278,260,,,0
813,totals,,,,,,,0,1,257,281,,,0
814,totals,,,,,,,0,1,254,284,,,1
815,totals,,,,,,,0,1,267,271,,,0
816,totals,,,,,,,0,1,246,292,,,1
817,totals,,,,,,,0,1,263,275,,,0
818,totals,,,,,,,1,0,272,266,,,0
819,totals,,,,,,,0,1,233,305,,,2
820,totals,,,,,,,1,0,281,257,,,0
821,totals,,,,,,,0,1,263,275,,,0
822,totals,,,,,,,0,1,260,278,,,0
823,totals,,,,,,,1,0,278,260,,,0
824,totals,,,,,,,1,0,272,266,,,0
825,totals,,,,,,,0,1,256,282,,,0
826,totals,,,,,,,0,1,257,281,,,0
827,totals,,,,,,,0,1,263,275,,,0
828,totals,,,,,,,0,1,267,271,,,1
829,totals,,,,,,,0,1,244,294,,,0
830,totals,,,,,,,0,1,263,275,,,0
831,totals,,,,,,,0,1,247,291,,,1
832,totals,,,,,,,0,1,257,281,,,0
833,totals,,,,,,,0,1,267,271,,,1
834,totals,,,,,,,0,1,263,275,,,0
835,totals,,,,,,,0,1,257,281,,,0
836,totals,,,,,,,0,1,267,271,,,0
837,totals,,,,,,,0,1,214,324,,,2
838,totals,,,,,,,0,1,263,275,,,0
839,totals,,,,,,,1,0,278,260,,,0
840,totals,,,,,,,0,1,267,271,,,0
841,totals,,,,,,,0,1,259,279,,,2
842,totals,,,,,,,0,1,257,281,,,0
843,totals,,,,,,,0,1,252,286,,,0
844,totals,,,,,,,0,1,246,292,,,1
845,totals,,,,,,,0,1,251,287,,,0
846,totals,,,,,,,0,1,263,275,,,0
847,totals,,,,,,,0,1,252,286,,,0
848,totals,,,,,,,0,1,252,286,,,0
849,totals,,,,,,,1,0,278,260,,,0
850,totals,,,,,,,0,1,251,287,,,1
851,totals,,,,,,,0,1,247,291,,,1
852,totals,,,,,,,1,0,272,266,,,1
853,totals,,,,,,,1,0,272,266,,,0
854,totals,,,,,,,0,1,257,281,,,0
855,totals,,,,,,,1,0,272,266,,,0
856,totals,,,,,,,0,1,267,271,,,0
857,totals,,,,,,,1,0,288,250,,,1
858,totals,,,,,,,0,1,257,281,,,0
859,totals,,,,,,,0,1,246,292,,,1
860,totals,,,,,,,0,1,250,288,,,1
861,totals,,,,,,,0,1,246,292,,,0
862,totals,,,,,,,0,1,246,292,,,1
863,totals,,,,,,,0,1,247,291,,,0
864,totals,,,,,,,0,1,261,277,,,0
865,totals,,,,,,,0,1,252,286,,,0
866,totals,,,,,,,1,0,278,260,,,0
867,totals,,,,,,,0,1,241,297,,,0
868,totals,,,,,,,0,1,241,297,,,0
869,totals,,,,,,,0,1,251,287,,,0
870,totals,,,,,,,0,1,257,281,,,0
871,totals,,,,,,,0,1,249,289,,,0
872,totals,,,,,,,1,0,275,263,,,1
873,totals,,,,,,,1,0,272,266,,,0
874,totals,,,,,,,0,1,262,276,,,1
875,totals,,,,,,,0,1,263,275,,,0
876,totals,,,,,,,0,1,252,286,,,0
877,totals,,,,,,,0,1,267,271,,,0
878,totals,,,,,,,0,1,250,288,,,1
879,totals,,,,,,,1,0,278,260,,,0
880,totals,,,,,,,1,0,278,260,,,0
881,totals,,,,,,,0,1,241,297,,,0
882,totals,,,,,,,1,0,278,260,,,0
883,totals,,,,,,,0,1,257,281,,,0
884,totals,,,,,,,0,1,243,295,,,1
885,totals,,,,,,,1,0,277,261,,,1
886,totals,,,,,,,0,1,262,276,,,0
887,totals,,,,,,,0,1,263,275,,,0
888,totals,,,,,,,1,0,278,260,,,1
889,totals,,,,,,,1,0,278,260,,,0
890,totals,,,,,,,1,0,275,263,,,0
891,totals,,,,,,,0,1,259,279,,,1
892,totals,,,,,,,0,1,247,291,,,1
893,totals,,,,,,,0,1,246,292,,,1
894,totals,,,,,,,0,1,257,281,,,1
895,totals,,,,,,,1,0,278,260,,,0
896,totals,,,,,,,0,1,263,275,,,0
897,totals,,,,,,,0,1,246,292,,,0
898,totals,,,,,,,1,0,272,266,,,0
899,totals,,,,,,,0,1,216,322,,,2
900,totals,,,,,,,1,0,278,260,,,0
901,totals,,,,,,,1,0,270,268,,,1
902,totals,,,,,,,1,0,278,260,,,0
903,totals,,,,,,,0,1,257,281,,,1
904,totals,,,,,,,0,1,267,271,,,0
905,totals,,,,,,,1,0,278,260,,,0
906,totals,,,,,,,0,1,263,275,,,0
907,totals,,,,,,,0,1,257,281,,,0
908,totals,,,,,,,0,1,263,275,,,0
909,totals,,,,,,,0,1,257,281,,,0
910,totals,,,,,,,1,0,281,257,,,1
911,totals,,,,,,,1,0,278,260,,,0
912,totals,,,,,,,0,1,246,292,,,1
913,totals,,,,,,,0,1,236,302,,,0
914,totals,,,,,,,0,1,241,297,,,0
915,totals,,,,,,,0,1,260,278,,,0
916,totals,,,,,,,0,1,261,277,,,0
917,totals,,,,,,,0,1,257,281,,,0
918,totals,,,,,,,0,1,257,281,,,0
919,totals,,,,,,,0,1,256,282,,,0
920,totals,,,,,,,1,0,278,260,,,0
921,totals,,,,,,,0,1,241,297,,,0
922,totals,,,,,,,0,1,263,275,,,0
923,totals,,,,,,,0,1,267,271,,,0
924,totals,,,,,,,1,0,275,263,,,0
925,totals,,,,,,,0,1,252,286,,,0
926,totals,,,,,,,0,1,257,281,,,1
927,totals,,,,,,,0,1,246,292,,,0
928,totals,,,,,,,0,1,252,286,,,0
929,totals,,,,,,,1,0,270,268,,,1
930,totals,,,,,,,0,1,246,292,,,0
931,totals,,,,,,,0,1,263,275,,,1
932,totals,,,,,,,0,1,257,281,,,0
933,totals,,,,,,,1,0,270,268,,,1
934,totals,,,,,,,0,1,246,292,,,0
935,totals,,,,,,,0,1,267,271,,,0
936,totals,,,,,,,0,1,257,281,,,0
937,totals,,,,,,,0,1,261,277,,,0
938,totals,,,,,,,0,1,262,276,,,1
939,totals,,,,,,,1,0,272,266,,,0
940,totals,,,,,,,1,0,272,266,,,0
941,totals,,,,,,,0,1,212,326,,,1
942,totals,,,,,,,1,0,278,260,,,1
943,totals,,,,,,,0,1,257,281,,,0
944,totals,,,,,,,1,0,272,266,,,0
945,totals,,,,,,,0,1,263,275,,,0
946,totals,,,,,,,1,0,278,260,,,0
947,totals,,,,,,,0,1,249,289,,,0
948,totals,,,,,,,0,1,261,277,,,0
949,totals,,,,,,,1,0,275,263,,,0
950,totals,,,,,,,1,0,291,247,,,1
951,totals,,,,,,,0,1,245,293,,,1
952,totals,,,,,,,0,1,246,292,,,0
953,totals,,,,,,,0,1,263,275,,,0
954,totals,,,,,,,0,1,263,275,,,0
955,totals,,,,,,,1,0,277,261,,,1
956,totals,,,,,,,0,1,241,297,,,0
957,totals,,,,,,,1,0,275,263,,,0
958,totals,,,,,,,0,1,261,277,,,1
959,totals,,,,,,,1,0,275,263,,,0
960,totals,,,,,,,0,1,252,286,,,0
961,totals,,,,,,,0,1,267,271,,,0
962,totals,,,,,,,0,1,230,308,,,1
963,totals,,,,,,,0,1,257,281,,,0
964,totals,,,,,,,0,1,252,286,,,0
965,totals,,,,,,,0,1,257,281,,,1
966,totals,,,,,,,1,0,278,260,,,0
967,totals,,,,,,,0,1,223,315,,,1
968,totals,,,,,,,0,1,257,281,,,0
969,totals,,,,,,,0,1,267,271,,,0
970,totals,,,,,,,1,0,278,260,,,0
971,totals,,,,,,,0,1,252,286,,,0
972,totals,,,,,,,1,0,278,260,,,0
973,totals,,,,,,,0,1,261,277,,,1
974,totals,,,,,,,0,1,247,291,,,0
975,totals,,,,,,,0,1,241,297,,,0
976,totals,,,,,,,0,1,252,286,,,0
977,totals,,,,,,,1,0,278,260,,,0
978,totals,,,,,,,1,0,278,260,,,0
979,totals,,,,,,,0,1,252,286,,,0
980,totals,,,,,,,0,1,256,282,,,1
981,totals,,,,,,,0,1,260,278,,,0
982,totals,,,,,,,0,1,257,281,,,0
983,totals,,,,,,,1,0,272,266,,,0
984,totals,,,,,,,0,1,267,271,,,1
985,totals,,,,,,,0,1,246,292,,,1
986,totals,,,,,,,0,1,246,292,,,0
987,totals,,,,,,,0,1,261,277,,,0
988,totals,,,,,,,0,1,263,275,,,0
989,totals,,,,,,,1,0,270,268,,,1
990,totals,,,,,,,0,1,262,276,,,1
991,totals,,,,,,,1,0,290,248,,,1
992,totals,,,,,,,1,0,272,266,,,0
993,totals,,,,,,,1,0,278,260,,,0
994,totals,,,,,,,0,1,261,277,,,1
995,totals,,,,,,,0,1,230,308,,,0
996,totals,,,,,,,0,1,261,277,,,1
997,totals,,,,,,,0,1,257,281,,,0
998,totals,,,,,,,0,1,257,281,,,0
999,totals,,,,,,,0,1,263,275,,,0
1000,totals,,,,,,,0,1,262,276,,,1
